"factor1","factor2","mean","se","lower_ci","upper_ci","df","n"
"A","X",10.65,0.402768199119819,9.73887503341377,11.5611249665862,9,2
"A","Y",15.05,0.402768199119819,14.1388750334138,15.9611249665862,9,2
"A","Z",12.85,0.402768199119819,11.9388750334138,13.7611249665862,9,2
"B","X",18.2,0.402768199119819,17.2888750334138,19.1111249665862,9,2
"B","Y",19.8,0.402768199119819,18.8888750334138,20.7111249665862,9,2
"B","Z",17,0.402768199119819,16.0888750334138,17.9111249665862,9,2
"C","X",14.7,0.402768199119819,13.7888750334138,15.6111249665862,9,2
"C","Y",18.2,0.402768199119819,17.2888750334138,19.1111249665862,9,2
"C","Z",13.65,0.402768199119819,12.7388750334138,14.5611249665862,9,2
